vt_PGAout X,vt_PGAout Y,vt_muxOut X,vt_muxOut Y,t_ADC_INN X,t_ADC_INN Y,t_ext_in1 X,t_ext_in1 Y,/EXT_IN<1> X,/EXT_IN<1> Y
0,0,0,-9.834790232698306e-07,0,0,0,0,0,0
1.25e-09,0.1067032399310597,1.25e-09,0.06840528177529825,1.25e-09,0.07244825163645024,1.25e-09,0,1.25e-09,0
2.0729679011e-09,0.1779022035615802,2.0729679011e-09,0.1134596771271719,2.0729679011e-09,0.1201401418624105,2.0729679011e-09,0,2.0729679011e-09,0
3.7189037033e-09,0.3206212391404581,3.7189037033e-09,0.2032163634036845,3.7189037033e-09,0.2148902244170131,3.7189037033e-09,0,3.7189037033e-09,0
4.1916666666e-09,0.3615177715458329,4.1916666666e-09,0.2282125691548382,4.1916666666e-09,0.2415910244339753,4.1916666666e-09,0,4.1916666666e-09,0
4.288048e-09,0.3698417278385986,4.288048e-09,0.2331148447794079,4.288048e-09,0.2469848938629345,4.288048e-09,0,4.288048e-09,0
4.3916666666e-09,0.3787813565925081,4.3916666666e-09,0.2382025340955067,4.3916666666e-09,0.2527508805350155,4.3916666666e-09,0,4.3916666666e-09,0
4.488048e-09,0.3870873391656848,4.488048e-09,0.2427380884757698,4.488048e-09,0.2580812095040312,4.488048e-09,0,4.488048e-09,0
4.4992041787e-09,0.3880486970879014,4.4992041787e-09,0.2432598906350758,4.4992041787e-09,0.2586976943931755,4.4992041787e-09,0,4.4992041787e-09,0
4.5215165361e-09,0.3899711579384301,4.5215165361e-09,0.2442971182876092,4.5215165361e-09,0.2599296880178118,4.5215165361e-09,0,4.5215165361e-09,0
4.566141250899999e-09,0.3938143635724751,4.566141250899999e-09,0.246331636192162,4.566141250899999e-09,0.2623876237212592,4.566141250899999e-09,0,4.566141250899999e-09,0
4.6553906806e-09,0.4014932376443598,4.6553906806e-09,0.2502254216110714,4.6553906806e-09,0.267277271040594,4.6553906806e-09,0,4.6553906806e-09,0
4.83388954e-09,0.416808741740358,4.83388954e-09,0.2570406936204938,4.83388954e-09,0.2769241543756743,4.83388954e-09,0,4.83388954e-09,0
4.9231389697e-09,0.4244404956831042,4.9231389697e-09,0.2598679575900901,4.9231389697e-09,0.2816734764220301,4.9231389697e-09,0,4.9231389697e-09,0
5.101637829e-09,0.4395810278495331,5.101637829e-09,0.2631282863066173,5.101637829e-09,0.2909452596867393,5.101637829e-09,0,5.101637829e-09,0
5.1908872587e-09,0.4470654206430204,5.1908872587e-09,0.2631938513386042,5.1908872587e-09,0.2954531697650982,5.1908872587e-09,0,5.1908872587e-09,0
5.3693861181e-09,0.4615449856663488,5.3693861181e-09,0.2555565022060901,5.3693861181e-09,0.3041262015449573,5.3693861181e-09,0,5.3693861181e-09,0
5.4586355478e-09,0.4684557506803561,5.4586355478e-09,0.2465883128728097,5.4586355478e-09,0.3083081549046107,5.4586355478e-09,0,5.4586355478e-09,0
5.6371344071e-09,0.4809032793009848,5.6371344071e-09,0.2059404627732581,5.6371344071e-09,0.3163784542610106,5.6371344071e-09,0,5.6371344071e-09,0
5.7263838368e-09,0.4863735154000903,5.7263838368e-09,0.1730797916579493,5.7263838368e-09,0.3202383315663018,5.7263838368e-09,0,5.7263838368e-09,0
5.9048826962e-09,0.4958725736984599,5.9048826962e-09,0.09787908330756791,5.9048826962e-09,0.3271270771930015,5.9048826962e-09,0,5.9048826962e-09,0
5.9941321259e-09,0.499976461733212,5.9941321259e-09,0.06440312003086121,5.9941321259e-09,0.330127025200963,5.9941321259e-09,0,5.9941321259e-09,0
6.1726309852e-09,0.5073807188117031,6.1726309852e-09,0.03332721716668723,6.1726309852e-09,0.3347387301665439,6.1726309852e-09,0,6.1726309852e-09,0
6.5048668475e-09,0.5191912498647484,6.5048668475e-09,0.03007979299915372,6.5048668475e-09,0.3357863907812154,6.5048668475e-09,0,6.5048668475e-09,0
6.600776691e-09,0.5223081827990923,6.600776691e-09,0.03259017767761844,6.600776691e-09,0.333702407710805,6.600776691e-09,0,6.600776691e-09,0
6.792596378e-09,0.5283640890984692,6.792596378e-09,0.03882042419325191,6.792596378e-09,0.3263461314253641,6.792596378e-09,0,6.792596378e-09,0
7.1762357521e-09,0.5406129801903438,7.1762357521e-09,0.05060308550420378,7.1762357521e-09,0.3109463347950214,7.1762357521e-09,0,7.1762357521e-09,0
7.779885968800001e-09,0.5631575575359351,7.779885968800001e-09,0.07729429250336731,7.779885968800001e-09,0.3001046329068388,7.779885968800001e-09,0,7.779885968800001e-09,0
7.938647879099999e-09,0.5698619019775752,7.938647879099999e-09,0.08283717911583362,7.938647879099999e-09,0.2971420975604603,7.938647879099999e-09,0,7.938647879099999e-09,0
8.2561716996e-09,0.5809901993876633,8.2561716996e-09,0.08824049235994644,8.2561716996e-09,0.2934264542367102,8.2561716996e-09,0,8.2561716996e-09,0
8.4149336099e-09,0.5837807566065897,8.4149336099e-09,0.0896151506390867,8.4149336099e-09,0.2918118266329994,8.4149336099e-09,0,8.4149336099e-09,0
8.732457430499999e-09,0.5801447530313241,8.732457430499999e-09,0.09271576198983397,8.732457430499999e-09,0.2735669106596494,8.732457430499999e-09,0,8.732457430499999e-09,0
8.8528672858e-09,0.574357821306138,8.8528672858e-09,0.09397430692756185,8.8528672858e-09,0.2604768549693766,8.8528672858e-09,0,8.8528672858e-09,0
9.0936869966e-09,0.5556121163480243,9.0936869966e-09,0.09613154345506583,9.0936869966e-09,0.2368439826787198,9.0936869966e-09,0,9.0936869966e-09,0
9.3523972304e-09,0.5329034364677246,9.3523972304e-09,0.09880195923423933,9.3523972304e-09,0.2321223443364841,9.3523972304e-09,0,9.3523972304e-09,0
9.4178965115e-09,0.5272059527142992,9.4178965115e-09,0.0996102860044901,9.4178965115e-09,0.2342908521448664,9.4178965115e-09,0,9.4178965115e-09,0
9.548895073700001e-09,0.5194022266288659,9.548895073700001e-09,0.1018986823646607,9.548895073700001e-09,0.2483446801277471,9.548895073700001e-09,0,9.548895073700001e-09,0
9.597079776899999e-09,0.5179051999095066,9.597079776899999e-09,0.1029962477442508,9.597079776899999e-09,0.258179132976842,9.597079776899999e-09,0,9.597079776899999e-09,0
9.6840533969e-09,0.5184679580730052,9.6840533969e-09,0.1055615741477465,9.6840533969e-09,0.2938106057208728,9.6840533969e-09,0,9.6840533969e-09,0
9.794015971699999e-09,0.5254359527346678,9.794015971699999e-09,0.1097767071517051,9.794015971699999e-09,0.3661122628557352,9.794015971699999e-09,0,9.794015971699999e-09,0
9.8986640572e-09,0.5368123756710872,9.8986640572e-09,0.1140403145018305,9.8986640572e-09,0.4446160581062685,9.8986640572e-09,0,9.8986640572e-09,0
1e-08,0.5503760588608237,1e-08,0.1177578124313981,1e-08,0.5188540034282616,1e-08,0,1e-08,0
1.01003351832e-08,0.5555354816419341,1.01003351832e-08,0.1164456590033952,1.01003351832e-08,0.5695417640913671,1.01003351832e-08,0,1.01003351832e-08,0
1.01350819468e-08,0.5572396234628609,1.01350819468e-08,0.1160025030439913,1.01350819468e-08,0.5867413984378126,1.01350819468e-08,0,1.01350819468e-08,0
1.0204575474e-08,0.5602942063140994,1.0204575474e-08,0.1150537136041293,1.0204575474e-08,0.6208226952843774,1.0204575474e-08,0,1.0204575474e-08,0
1.03402336136e-08,0.5655231976910413,1.03402336136e-08,0.112709252759269,1.03402336136e-08,0.6918239711554983,1.03402336136e-08,0,1.03402336136e-08,0
1.0471131148e-08,0.5704988278528655,1.0471131148e-08,0.1098799222216499,1.0471131148e-08,0.7593197538500491,1.0471131148e-08,0,1.0471131148e-08,0
1.05177889747e-08,0.5723114729687472,1.05177889747e-08,0.1087582580133186,1.05177889747e-08,0.781363589976981,1.05177889747e-08,0,1.05177889747e-08,0
1.0611104628e-08,0.576209694870466,1.0611104628e-08,0.1064279855862357,1.0611104628e-08,0.815402871630959,1.0611104628e-08,0,1.0611104628e-08,0
1.07977359346e-08,0.5848511865847891,1.07977359346e-08,0.1014872892996622,1.07977359346e-08,0.8529949245750998,1.07977359346e-08,0,1.07977359346e-08,0
1.11007239433e-08,0.6008027734272054,1.11007239433e-08,0.09356545182889274,1.11007239433e-08,0.8735624985681378,1.11007239433e-08,0,1.11007239433e-08,0
1.12353187477e-08,0.6086470136687496,1.12353187477e-08,0.09049756133879956,1.12353187477e-08,0.8734925411348079,1.12353187477e-08,0,1.12353187477e-08,0
1.15045083564e-08,0.6199542821391545,1.15045083564e-08,0.08499265235086385,1.15045083564e-08,0.9345677008077691,1.15045083564e-08,0,1.15045083564e-08,0
1.18469457029e-08,0.6285726259393855,1.18469457029e-08,0.07772061573437627,1.18469457029e-08,0.9917233318985966,1.18469457029e-08,0,1.18469457029e-08,0
1.21450106128e-08,0.6336304246984902,1.21450106128e-08,0.07139300629888837,1.21450106128e-08,1.002187568691837,1.21450106128e-08,0,1.21450106128e-08,0
1.22423704177e-08,0.6350301400747148,1.22423704177e-08,0.06940952575934532,1.22423704177e-08,1.002428050157397,1.22423704177e-08,0,1.22423704177e-08,0
1.24370900276e-08,0.6375374628571746,1.24370900276e-08,0.06564785846221981,1.24370900276e-08,1.003568078755408,1.24370900276e-08,0,1.24370900276e-08,0
1.28265292474e-08,0.6412487474811408,1.28265292474e-08,0.0587142925769607,1.28265292474e-08,1.004515575665178,1.28265292474e-08,0,1.28265292474e-08,0
1.34224499611e-08,0.6439173190092806,1.34224499611e-08,0.04960039400205361,1.34224499611e-08,1.004656367503759,1.34224499611e-08,0,1.34224499611e-08,0
1.46142913884e-08,0.6393548638960219,1.46142913884e-08,0.0356407626915631,1.46142913884e-08,1.004147305100369,1.46142913884e-08,0,1.46142913884e-08,0
1.51373582409e-08,0.6336551211152591,1.51373582409e-08,0.03081519407508352,1.51373582409e-08,1.004066217040777,1.51373582409e-08,0,1.51373582409e-08,0
1.61834919459e-08,0.6162574602092264,1.61834919459e-08,0.02311386147516952,1.61834919459e-08,1.003990827815928,1.61834919459e-08,0,1.61834919459e-08,0
1.67065587984e-08,0.6048147607846006,1.67065587984e-08,0.02000190449833645,1.67065587984e-08,1.003967443276407,1.67065587984e-08,0,1.67065587984e-08,0
1.77526925034e-08,0.5769255953402292,1.77526925034e-08,0.01486768223868472,1.77526925034e-08,1.003945108052967,1.77526925034e-08,0,1.77526925034e-08,0
1.88763462517e-08,0.5407543030654157,1.88763462517e-08,0.01052618468082497,1.88763462517e-08,1.003939233699324,1.88763462517e-08,0,1.88763462517e-08,0
2e-08,0.499136427415699,2e-08,0.006996284176198935,2e-08,1.00394520368592,2e-08,0,2e-08,0
2.22473074965e-08,0.3977016390554182,2.22473074965e-08,-0.001162007712481803,2.22473074965e-08,1.003975993514836,2.22473074965e-08,0,2.22473074965e-08,0
2.33709612448e-08,0.3474695458506299,2.33709612448e-08,-0.007770642951460376,2.33709612448e-08,1.003990714665139,2.33709612448e-08,0,2.33709612448e-08,0
2.56182687413e-08,0.2436472299568666,2.56182687413e-08,-0.03010799477295854,2.56182687413e-08,1.00403109681017,2.56182687413e-08,0,2.56182687413e-08,0
3.01128837345e-08,0.08537328495911124,3.01128837345e-08,-0.04584190546119221,3.01128837345e-08,1.00412413260889,3.01128837345e-08,0,3.01128837345e-08,0
3.1654905929e-08,0.06237457414092305,3.1654905929e-08,-0.03773537609160515,3.1654905929e-08,1.004154878999563,3.1654905929e-08,0,3.1654905929e-08,0
3.47389503181e-08,0.03908134294699543,3.47389503181e-08,-0.01841753565299902,3.47389503181e-08,1.004210698996436,3.47389503181e-08,0,3.47389503181e-08,0
4.09070390963e-08,0.02039440204769307,4.09070390963e-08,-0.00145338529067641,4.09070390963e-08,1.004316252476423,4.09070390963e-08,0,4.09070390963e-08,0
5e-08,0.01323416003105151,5e-08,-0.001051054325229406,5e-08,1.004444267607269,5e-08,0,5e-08,0
5.999999999999999e-08,0.01001459336961169,5.999999999999999e-08,-0.000571213963575079,5.999999999999999e-08,1.004536479474682,5.999999999999999e-08,0,5.999999999999999e-08,0
7.99999999999e-08,0.006807579446723022,7.99999999999e-08,-0.0002565330569003682,7.99999999999e-08,1.004651422270774,7.99999999999e-08,0,7.99999999999e-08,0
1.1e-07,0.004027059740093568,1.1e-07,-3.067536283756795e-05,1.1e-07,1.004770094252564,1.1e-07,0,1.1e-07,0
1.2e-07,0.003590499882486254,1.2e-07,-5.104999149777379e-05,1.2e-07,1.004786838243914,1.2e-07,0,1.2e-07,0
1.349999999999e-07,0.003068696653879338,1.349999999999e-07,-4.634393457634251e-05,1.349999999999e-07,1.004804247881337,1.349999999999e-07,0,1.349999999999e-07,0
1.5e-07,0.002638041212265026,1.5e-07,-3.362123009958207e-05,1.5e-07,1.004818523341278,1.5e-07,0,1.5e-07,0
1.6e-07,0.002418918616954204,1.6e-07,-2.970007367499854e-05,1.6e-07,1.004824259188483,1.6e-07,0,1.6e-07,0
1.8e-07,0.002081956004121502,1.8e-07,-2.292926114716507e-05,1.8e-07,1.004831484677455,1.8e-07,0,1.8e-07,0
2.1e-07,0.001692182235894535,2.1e-07,-1.283093988431768e-05,2.1e-07,1.004839011636205,2.1e-07,0,2.1e-07,0
2.2e-07,0.0015978537806574,2.2e-07,-1.235191262181176e-05,2.2e-07,1.004840091931415,2.2e-07,0,2.2e-07,0
2.35e-07,0.001475798377952762,2.35e-07,-1.082203173261426e-05,2.35e-07,1.004841211905057,2.35e-07,0,2.35e-07,0
2.5e-07,0.00136690951198184,2.5e-07,-8.744163286457582e-06,2.5e-07,1.004842127802399,2.5e-07,0,2.5e-07,0
2.6e-07,0.001305343797998105,2.6e-07,-8.111384887878177e-06,2.6e-07,1.004842491443515,2.6e-07,0,2.6e-07,0
2.8e-07,0.001201497474729145,2.8e-07,-6.849125476619543e-06,2.8e-07,1.004842942455499,2.8e-07,0,2.8e-07,0
3.1e-07,0.001069978932724444,3.1e-07,-4.768654719475664e-06,3.1e-07,1.004843405863902,3.1e-07,0,3.1e-07,0
3.2e-07,0.00103456204198928,3.2e-07,-4.558414010393475e-06,3.2e-07,1.004843468023821,3.2e-07,0,3.2e-07,0
3.349999999999e-07,0.0009870737602064334,3.349999999999e-07,-4.095066738778983e-06,3.349999999999e-07,1.004843529644825,3.349999999999e-07,0,3.349999999999e-07,0
3.5e-07,0.0009432225171021483,3.5e-07,-3.508033742151159e-06,3.5e-07,1.004843578751977,3.5e-07,0,3.5e-07,0
3.6e-07,0.0009174207324301042,3.6e-07,-3.295505448819991e-06,3.6e-07,1.004843596123775,3.6e-07,0,3.6e-07,0
3.8e-07,0.0008722488631749174,3.8e-07,-2.871147992364599e-06,3.8e-07,1.004843614435233,3.8e-07,0,3.8e-07,0
4.1e-07,0.000812573677819716,4.1e-07,-2.171498273913824e-06,4.1e-07,1.004843630132096,4.1e-07,0,4.1e-07,0
4.2e-07,0.0007957974219860525,4.2e-07,-2.067782464405887e-06,4.2e-07,1.004843630194105,4.2e-07,0,4.2e-07,0
4.349999999999e-07,0.0007728752636745987,4.349999999999e-07,-1.87435963799931e-06,4.349999999999e-07,1.004843628877271,4.349999999999e-07,0,4.349999999999e-07,0
4.5e-07,0.0007513241991052732,4.5e-07,-1.643606494594914e-06,4.5e-07,1.004843627141806,4.5e-07,0,4.5e-07,0
4.6e-07,0.0007384029165306899,4.6e-07,-1.54464215256324e-06,4.6e-07,1.004843625422392,4.6e-07,0,4.6e-07,0
4.8e-07,0.000715361102425057,4.8e-07,-1.348831057578912e-06,4.8e-07,1.004843621772827,4.8e-07,0,4.8e-07,0
5.1e-07,0.0006842077759027681,5.1e-07,-1.032090399840271e-06,5.1e-07,1.004843616577452,5.1e-07,0,5.1e-07,0
5.1125e-07,0.0006830395909126446,5.1125e-07,-1.025292017902606e-06,5.1125e-07,1.004843616366141,5.1125e-07,0,5.1125e-07,0
5.12110211343e-07,0.0006822367064256088,5.12110211343e-07,-1.020843806979729e-06,5.12110211343e-07,1.004843616222757,5.12110211343e-07,0,5.12110211343e-07,0
5.138306340290999e-07,0.0006806420550075951,5.138306340290999e-07,-1.010810201888962e-06,5.138306340290999e-07,1.004843615936359,5.138306340290999e-07,0,5.138306340290999e-07,0
5.155510567152e-07,0.0006790632700882633,5.155510567152e-07,-9.990824591546116e-07,5.155510567152e-07,1.004843615650431,5.155510567152e-07,0,5.155510567152e-07,0
5.16602652137e-07,0.0006781063014748819,5.16602652137e-07,-9.913329208780631e-07,5.16602652137e-07,1.004843615477032,5.16602652137e-07,0,5.16602652137e-07,0
5.178904621214e-07,0.0006769425675280291,5.178904621214e-07,-9.814724672131993e-07,5.178904621214e-07,1.004843615266416,5.178904621214e-07,0,5.178904621214e-07,0
5.189452310607e-07,0.0006759960568690789,5.189452310607e-07,-9.732678665947702e-07,5.189452310607e-07,1.004843615095517,5.189452310607e-07,0,5.189452310607e-07,0
5.2e-07,0.0006750554893901594,5.2e-07,-9.649812904862246e-07,5.2e-07,1.004843614925809,5.2e-07,0,5.2e-07,0
5.221095378785e-07,0.000673201404171767,5.221095378785e-07,-9.488932088096709e-07,5.221095378785e-07,1.004843614591131,5.221095378785e-07,0,5.221095378785e-07,0
5.234561155248e-07,0.0006720239838784592,5.234561155248e-07,-9.381123228700868e-07,5.234561155248e-07,1.004843614379212,5.234561155248e-07,0,5.234561155248e-07,0
5.261492708173e-07,0.0006696971851960797,5.261492708173e-07,-9.16710781903758e-07,5.261492708173e-07,1.004843613960604,5.261492708173e-07,0,5.261492708173e-07,0
5.315355814023e-07,0.0006651535462039193,5.315355814023e-07,-8.748313285093397e-07,5.315355814023e-07,1.004843613150802,5.315355814023e-07,0,5.315355814023e-07,0
5.423082025724e-07,0.000656484316239815,5.423082025724e-07,-7.939688478084972e-07,5.423082025724e-07,1.004843611629628,5.423082025724e-07,0,5.423082025724e-07,0
5.5e-07,0.0006506219953711798,5.5e-07,-7.391306368738968e-07,5.5e-07,1.00484361063032,5.5e-07,0,5.5e-07,0
5.6e-07,0.0006435441346062371,5.6e-07,-6.74651170670172e-07,5.6e-07,1.004843609485597,5.6e-07,0,5.6e-07,0
5.8e-07,0.0006307939378099702,5.8e-07,-5.514843460875813e-07,5.8e-07,1.004843607648435,5.8e-07,0,5.8e-07,0
6.1e-07,0.0006133166963000132,6.1e-07,-3.561389917985372e-07,6.1e-07,1.004843605446561,6.1e-07,0,6.1e-07,0
6.2e-07,0.0006082353035547314,6.2e-07,-3.053177098710349e-07,6.2e-07,1.004843604966367,6.2e-07,0,6.2e-07,0
6.35e-07,0.0006011788371494534,6.35e-07,-2.247819619474207e-07,6.35e-07,1.004843604448018,6.35e-07,0,6.35e-07,0
6.5e-07,0.0005944324794418637,6.5e-07,-1.383603612485871e-07,6.5e-07,1.0048436040402,6.5e-07,0,6.5e-07,0
6.6e-07,0.0005903233547497046,6.6e-07,-8.655829189986919e-08,6.6e-07,1.004843603910852,6.6e-07,0,6.6e-07,0
6.799999999999999e-07,0.0005828778143525331,6.799999999999999e-07,1.974303515807409e-08,6.799999999999999e-07,1.004843603935065,6.799999999999999e-07,0,6.799999999999999e-07,0
7.1e-07,0.0005725865098289377,7.1e-07,2.037486223306081e-07,7.1e-07,1.004843604293709,7.1e-07,0,7.1e-07,0
7.2e-07,0.0005695734458946671,7.2e-07,2.802395954843318e-07,7.2e-07,1.004843604568745,7.2e-07,0,7.2e-07,0
7.349999999999e-07,0.0005653745356778891,7.349999999999e-07,4.454287427370367e-07,7.349999999999e-07,1.004843605100279,7.349999999999e-07,0,7.349999999999e-07,0
7.5e-07,0.0005613445315306941,7.5e-07,6.200276262756451e-07,7.5e-07,1.004843605694429,7.5e-07,0,7.5e-07,0
7.6e-07,0.0005588816048342207,7.6e-07,7.275896683487852e-07,7.6e-07,1.004843606173798,7.6e-07,0,7.6e-07,0
7.799999999999999e-07,0.0005544032678721885,7.799999999999999e-07,8.559167486625355e-07,7.799999999999999e-07,1.004843607300539,7.799999999999999e-07,0,7.799999999999999e-07,0
8.1e-07,0.0005481812620020224,8.1e-07,9.695929971727648e-07,8.1e-07,1.004843609173999,8.1e-07,0,8.1e-07,0
8.2e-07,0.0005463519581100216,8.2e-07,9.853363870997408e-07,8.2e-07,1.004843609892164,8.2e-07,0,8.2e-07,0
8.349999999999999e-07,0.0005437972272267869,8.349999999999999e-07,1.011500727747929e-06,8.349999999999999e-07,1.004843611038147,8.349999999999999e-07,0,8.349999999999999e-07,0
8.5e-07,0.0005413393355249401,8.5e-07,1.039065711019422e-06,8.5e-07,1.004843612220148,8.5e-07,0,8.5e-07,0
8.6e-07,0.0005398341467966404,8.6e-07,1.056941968287576e-06,8.6e-07,1.004843613058523,8.6e-07,0,8.6e-07,0
8.799999999999999e-07,0.0005370914255917712,8.799999999999999e-07,1.091000519955102e-06,8.799999999999999e-07,1.004843614834888,8.799999999999999e-07,0,8.799999999999999e-07,0
9.1e-07,0.0005332684875629132,9.1e-07,1.139457643234929e-06,9.1e-07,1.004843617607456,9.1e-07,0,9.1e-07,0
9.2e-07,0.0005321416056366079,9.2e-07,1.153492383628218e-06,9.2e-07,1.004843618588335,9.2e-07,0,9.2e-07,0
9.349999999999999e-07,0.000530565772722035,9.349999999999999e-07,1.173708010311967e-06,9.349999999999999e-07,1.004843620101409,9.349999999999999e-07,0,9.349999999999999e-07,0
9.5e-07,0.0005290473693576872,9.5e-07,1.193447603884715e-06,9.5e-07,1.004843621635377,9.5e-07,0,9.5e-07,0
9.599999999999999e-07,0.0005281163463360656,9.599999999999999e-07,1.205531870602101e-06,9.599999999999999e-07,1.004843622689174,9.599999999999999e-07,0,9.599999999999999e-07,0
9.799999999999e-07,0.0005264176166350326,9.799999999999e-07,1.228232068115005e-06,9.799999999999e-07,1.004843624857298,9.799999999999e-07,0,9.799999999999e-07,0
1e-06,0.000524799487295531,1e-06,1.250083340639028e-06,1e-06,1.004843627057115,1e-06,0,1e-06,0
1.00125e-06,0.0005247037943755124,1.00125e-06,1.251341700512575e-06,1.00125e-06,1.004843627195738,1.00125e-06,0,1.00125e-06,0
1.0021289294531e-06,0.0005246366591866484,1.0021289294531e-06,1.25222931303704e-06,1.0021289294531e-06,1.004843627293592,1.0021289294531e-06,0,1.0021289294531e-06,0
1.0038867883594e-06,0.0005245032344434246,1.0038867883594e-06,1.254006070661045e-06,1.0038867883594e-06,1.004843627489924,1.0038867883594e-06,0,1.0038867883594e-06,0
1.004281828e-06,0.0005244734048151088,1.004281828e-06,1.254405338925203e-06,1.004281828e-06,1.004843627534148,1.004281828e-06,0,1.004281828e-06,0
1.004331828e-06,0.000524469400492714,1.004331828e-06,1.253902348691306e-06,1.004331828e-06,1.004843623944832,1.004331828e-06,0,1.004331828e-06,0
1.004406828e-06,0.0005244641073753779,1.004406828e-06,1.254885964676019e-06,1.004406828e-06,1.004843628641915,1.004406828e-06,0,1.004406828e-06,0
1.004481828e-06,0.0005244627050493973,1.004481828e-06,1.271855129304212e-06,1.004481828e-06,1.004843679596907,1.004481828e-06,0,1.004481828e-06,0
1.0045927649832e-06,0.0005244491586258855,1.0045927649832e-06,1.249982426802976e-06,1.0045927649832e-06,1.004843521479208,1.0045927649832e-06,0,1.0045927649832e-06,0
1.004645533e-06,0.0005244449710759565,1.004645533e-06,1.250820146178964e-06,1.004645533e-06,1.004843448239289,1.004645533e-06,0,1.004645533e-06,0
1.0046719170083e-06,0.0005244439439041419,1.0046719170083e-06,1.254804912918347e-06,1.0046719170083e-06,1.004849056196234,1.0046719170083e-06,0,1.0046719170083e-06,0
1.0046851090125e-06,0.0005244433916778133,1.0046851090125e-06,1.256552636233234e-06,1.0046851090125e-06,1.004852340389431,1.0046851090125e-06,0,1.0046851090125e-06,0
1.0047114930208e-06,0.0005244409761731084,1.0047114930208e-06,1.255041346738739e-06,1.0047114930208e-06,1.004853843559294,1.0047114930208e-06,0,1.0047114930208e-06,0
1.0047642610376e-06,0.0005244344889938913,1.0047642610376e-06,1.245386485971341e-06,1.0047642610376e-06,1.00483776289982,1.0047642610376e-06,0,1.0047642610376e-06,0
1.0047845790282e-06,0.0005244280873893355,1.0047845790282e-06,1.225438903687968e-06,1.0047845790282e-06,1.004803413132158,1.0047845790282e-06,0,1.0047845790282e-06,0
1.0048150560141e-06,0.0005244117428512291,1.0048150560141e-06,1.172855889378698e-06,1.0048150560141e-06,1.00469633041705,1.0048150560141e-06,0,1.0048150560141e-06,0
1.004845533e-06,0.0005243871765860414,1.004845533e-06,1.090375611734443e-06,1.004845533e-06,1.004504295449339,1.004845533e-06,0,1.004845533e-06,0
1.0048607714929e-06,0.0005244265054332924,1.0048607714929e-06,1.260140745335624e-06,1.0048607714929e-06,1.004671347374069,1.0048607714929e-06,0,1.0048607714929e-06,0
1.0048912484788e-06,0.0005246259040496533,1.0048912484788e-06,2.029831702202225e-06,1.0048912484788e-06,1.005856771964405,1.0048912484788e-06,0,1.0048912484788e-06,0
1.0049371572289e-06,0.0005248019223275849,1.0049371572289e-06,2.588158355786924e-06,1.0049371572289e-06,1.008400159965598,1.0049371572289e-06,0,1.0049371572289e-06,0
1.0049550235817e-06,0.0005247749803837645,1.0049550235817e-06,2.427198618700133e-06,1.0049550235817e-06,1.009302945798244,1.0049550235817e-06,0,1.0049550235817e-06,0
1.0049907562874e-06,0.0005246280375417485,1.0049907562874e-06,1.942963381745911e-06,1.0049907562874e-06,1.010309545604224,1.0049907562874e-06,0,1.0049907562874e-06,0
1.0050622216988e-06,0.0005243257879788856,1.0050622216988e-06,1.045228168324709e-06,1.0050622216988e-06,1.010365488737705,1.0050622216988e-06,0,1.0050622216988e-06,0
1.0051411193493e-06,0.0005241988693349899,1.0051411193493e-06,6.203317242244877e-07,1.0051411193493e-06,1.009465613212408,1.0051411193493e-06,0,1.0051411193493e-06,0
1.0051736597449e-06,0.0005242259965493279,1.0051736597449e-06,7.02816531341827e-07,1.0051736597449e-06,1.009071611927463,1.0051736597449e-06,0,1.0051736597449e-06,0
1.0052310777852e-06,0.0005242609465300495,1.0052310777852e-06,7.771268506979234e-07,1.0052310777852e-06,1.008500096694027,1.0052310777852e-06,0,1.0052310777852e-06,0
1.0052597868053e-06,0.0005242752684906193,1.0052597868053e-06,8.166661958886218e-07,1.0052597868053e-06,1.008259420410889,1.0052597868053e-06,0,1.0052597868053e-06,0
1.0053172048456e-06,0.0005243044540317005,1.0053172048456e-06,9.228553939743325e-07,1.0053172048456e-06,1.007832418080759,1.0053172048456e-06,0,1.0053172048456e-06,0
1.0054199331891e-06,0.0005243469067712437,1.0054199331891e-06,1.091715924031481e-06,1.0054199331891e-06,1.007237873066286,1.0054199331891e-06,0,1.0054199331891e-06,0
1.0054539259376e-06,0.0005243562811332151,1.0054539259376e-06,1.13122510687204e-06,1.0054539259376e-06,1.007079284496215,1.0054539259376e-06,0,1.0054539259376e-06,0
1.0055219114345e-06,0.0005243692526143667,1.0055219114345e-06,1.193612882508075e-06,1.0055219114345e-06,1.006805699971344,1.0055219114345e-06,0,1.0055219114345e-06,0
1.0056343576687e-06,0.000524378827631344,1.0056343576687e-06,1.258054976610487e-06,1.0056343576687e-06,1.006447391496041,1.0056343576687e-06,0,1.0056343576687e-06,0
1.0056643333033e-06,0.0005243790026563411,1.0056643333033e-06,1.267197499163755e-06,1.0056643333033e-06,1.006370550973524,1.0056643333033e-06,0,1.0056643333033e-06,0
1.0057242845727e-06,0.0005243777368336027,1.0057242845727e-06,1.280059950694717e-06,1.0057242845727e-06,1.006233687267094,1.0057242845727e-06,0,1.0057242845727e-06,0
1.0058384406679e-06,0.0005243711229336594,1.0058384406679e-06,1.29036877647237e-06,1.0058384406679e-06,1.006025350510313,1.0058384406679e-06,0,1.0058384406679e-06,0
1.0059734548469e-06,0.0005243600058596784,1.0059734548469e-06,1.291125350529827e-06,1.0059734548469e-06,1.005842626535125,1.0059734548469e-06,0,1.0059734548469e-06,0
1.0060172644595e-06,0.0005243557833743183,1.0060172644595e-06,1.289179420874625e-06,1.0060172644595e-06,1.005796929464697,1.0060172644595e-06,0,1.0060172644595e-06,0
1.0061048836848e-06,0.0005243472939273621,1.0061048836848e-06,1.284895172728986e-06,1.0061048836848e-06,1.005718104209676,1.0061048836848e-06,0,1.0061048836848e-06,0
1.0062801221353e-06,0.0005243307035311214,1.0062801221353e-06,1.276692614530672e-06,1.0062801221353e-06,1.00560010927174,1.0062801221353e-06,0,1.0062801221353e-06,0
1.0066057228341e-06,0.0005243020752388194,1.0066057228341e-06,1.266149647203006e-06,1.0066057228341e-06,1.005460836228482,1.0066057228341e-06,0,1.0066057228341e-06,0
1.007199860286e-06,0.0005242550174895871,1.007199860286e-06,1.259062074470111e-06,1.007199860286e-06,1.005346727354555,1.007199860286e-06,0,1.007199860286e-06,0
1.0083881351896e-06,0.0005241660750387189,1.0083881351896e-06,1.25761558633414e-06,1.0083881351896e-06,1.005237791147736,1.0083881351896e-06,0,1.0083881351896e-06,0
1.0099999999999e-06,0.0005240482053088021,1.0099999999999e-06,1.261166997750441e-06,1.0099999999999e-06,1.005189726105861,1.0099999999999e-06,0,1.0099999999999e-06,0
1.0111893823172e-06,0.0005239611839652063,1.0111893823172e-06,1.261697979319047e-06,1.0111893823172e-06,1.005164318289002,1.0111893823172e-06,0,1.0111893823172e-06,0
1.0123787646345e-06,0.0005238745561768442,1.0123787646345e-06,1.262593691573473e-06,1.0123787646345e-06,1.005143545567115,1.0123787646345e-06,0,1.0123787646345e-06,0
1.014757529269e-06,0.0005237029395884009,1.014757529269e-06,1.264838066656494e-06,1.014757529269e-06,1.005115788627002,1.014757529269e-06,0,1.014757529269e-06,0
1.0173787646345e-06,0.0005235161183099102,1.0173787646345e-06,1.267424303143027e-06,1.0173787646345e-06,1.005098007674518,1.0173787646345e-06,0,1.0173787646345e-06,0
1.0199999999999e-06,0.0005233315967518077,1.0199999999999e-06,1.269916210653964e-06,1.0199999999999e-06,1.005085284755838,1.0199999999999e-06,0,1.0199999999999e-06,0
1.0252424707309e-06,0.0005229738013048854,1.0252424707309e-06,1.274810875718761e-06,1.0252424707309e-06,1.005072111544825,1.0252424707309e-06,0,1.0252424707309e-06,0
1.0357274121929e-06,0.0005222759942260311,1.0357274121929e-06,1.284445514030724e-06,1.0357274121929e-06,1.005054102575482,1.0357274121929e-06,0,1.0357274121929e-06,0
1.0499999999999e-06,0.0005213801878737127,1.0499999999999e-06,1.296931967930825e-06,1.0499999999999e-06,1.005043193601211,1.0499999999999e-06,0,1.0499999999999e-06,0
1.0599999999999e-06,0.0005208017370459354,1.0599999999999e-06,1.305191557799259e-06,1.0599999999999e-06,1.005041227659311,1.0599999999999e-06,0,1.0599999999999e-06,0
1.0799999999999e-06,0.0005197454323375299,1.0799999999999e-06,1.320752876282903e-06,1.0799999999999e-06,1.005038799098935,1.0799999999999e-06,0,1.0799999999999e-06,0
1.11e-06,0.0005182682328257284,1.11e-06,1.342820408426515e-06,1.11e-06,1.005036502511624,1.11e-06,0,1.11e-06,0
1.1199999999999e-06,0.0005178316686886036,1.1199999999999e-06,1.349473449729508e-06,1.1199999999999e-06,1.005036299286197,1.1199999999999e-06,0,1.1199999999999e-06,0
1.1349999999999e-06,0.000517220359332667,1.1349999999999e-06,1.35905281782392e-06,1.1349999999999e-06,1.005036148760285,1.1349999999999e-06,0,1.1349999999999e-06,0
1.1499999999999e-06,0.0005166304090920411,1.1499999999999e-06,1.368386590211983e-06,1.1499999999999e-06,1.005036060767906,1.1499999999999e-06,0,1.1499999999999e-06,0
1.1599999999999e-06,0.0005162682158693642,1.1599999999999e-06,1.37428302648354e-06,1.1599999999999e-06,1.005036069932397,1.1599999999999e-06,0,1.1599999999999e-06,0
1.1799999999999e-06,0.0005156064774932191,1.1799999999999e-06,1.385490296674856e-06,1.1799999999999e-06,1.005036149753871,1.1799999999999e-06,0,1.1799999999999e-06,0
1.2099999999999e-06,0.000514680322550645,1.2099999999999e-06,1.401498949682177e-06,1.2099999999999e-06,1.005036316863501,1.2099999999999e-06,0,1.2099999999999e-06,0
1.2199999999999e-06,0.0005144064409318692,1.2199999999999e-06,1.406409527558869e-06,1.2199999999999e-06,1.005036389541847,1.2199999999999e-06,0,1.2199999999999e-06,0
1.2349999999999e-06,0.0005140228083066183,1.2349999999999e-06,1.41350374491501e-06,1.2349999999999e-06,1.005036499079966,1.2349999999999e-06,0,1.2349999999999e-06,0
1.2499999999999e-06,0.0005136524396803925,1.2499999999999e-06,1.420434334128931e-06,1.2499999999999e-06,1.005036608841193,1.2499999999999e-06,0,1.2499999999999e-06,0
1.2599999999999e-06,0.0005134249867182701,1.2599999999999e-06,1.424866442553119e-06,1.2599999999999e-06,1.005036680726373,1.2599999999999e-06,0,1.2599999999999e-06,0
1.2799999999999e-06,0.0005130092892088743,1.2799999999999e-06,1.433354847885536e-06,1.2799999999999e-06,1.005036817396974,1.2799999999999e-06,0,1.2799999999999e-06,0
1.3099999999999e-06,0.0005124271942696444,1.3099999999999e-06,1.445574372706709e-06,1.3099999999999e-06,1.005037014949758,1.3099999999999e-06,0,1.3099999999999e-06,0
1.3199999999999e-06,0.0005122549904261269,1.3199999999999e-06,1.449374738218241e-06,1.3199999999999e-06,1.005037076099263,1.3199999999999e-06,0,1.3199999999999e-06,0
1.3349999999999e-06,0.0005120137316730555,1.3349999999999e-06,1.45488701407633e-06,1.3349999999999e-06,1.005037163236613,1.3349999999999e-06,0,1.3349999999999e-06,0
1.3499999999999e-06,0.0005117807589411873,1.3499999999999e-06,1.460289388557011e-06,1.3499999999999e-06,1.005037248312437,1.3499999999999e-06,0,1.3499999999999e-06,0
1.3599999999999e-06,0.0005116376569665535,1.3599999999999e-06,1.463779377884055e-06,1.3599999999999e-06,1.005037301754377,1.3599999999999e-06,0,1.3599999999999e-06,0
1.3799999999999e-06,0.0005113760677313479,1.3799999999999e-06,1.470511587791667e-06,1.3799999999999e-06,1.005037401618949,1.3799999999999e-06,0,1.3799999999999e-06,0
1.4099999999999e-06,0.0005110096523889711,1.4099999999999e-06,1.480273319376962e-06,1.4099999999999e-06,1.005037544427644,1.4099999999999e-06,0,1.4099999999999e-06,0
1.4199999999999e-06,0.000510901227349904,1.4199999999999e-06,1.4833410510152e-06,1.4199999999999e-06,1.005037588178406,1.4199999999999e-06,0,1.4199999999999e-06,0
1.4349999999999e-06,0.000510749303520942,1.4349999999999e-06,1.487807093487237e-06,1.4349999999999e-06,1.005037650652699,1.4349999999999e-06,0,1.4349999999999e-06,0
1.4499999999999e-06,0.0005106025757121947,1.4499999999999e-06,1.49219739610615e-06,1.4499999999999e-06,1.005037711671701,1.4499999999999e-06,0,1.4499999999999e-06,0
1.4599999999999e-06,0.0005105124383106337,1.4599999999999e-06,1.495056497305285e-06,1.4599999999999e-06,1.005037750127837,1.4599999999999e-06,0,1.4599999999999e-06,0
1.4799999999999e-06,0.0005103476464011312,1.4799999999999e-06,1.500605532193744e-06,1.4799999999999e-06,1.005037822401427,1.4799999999999e-06,0,1.4799999999999e-06,0
1.51e-06,0.0005101167708747375,1.51e-06,1.508700005560456e-06,1.51e-06,1.005037926097551,1.51e-06,0,1.51e-06,0
1.51125e-06,0.0005101078813891682,1.51125e-06,1.509027073424947e-06,1.51125e-06,1.005037930209374,1.51125e-06,0,1.51125e-06,0
1.512110211343e-06,0.0005101017762068004,1.512110211343e-06,1.50925230546838e-06,1.512110211343e-06,1.005037933033832,1.512110211343e-06,0,1.512110211343e-06,0
1.5138306340291e-06,0.0005100896394525255,1.5138306340291e-06,1.509701424253866e-06,1.5138306340291e-06,1.00503793865709,1.5138306340291e-06,0,1.5138306340291e-06,0
1.5155510567152e-06,0.0005100776003363977,1.5155510567152e-06,1.510148796955259e-06,1.5155510567152e-06,1.00503794424949,1.5155510567152e-06,0,1.5155510567152e-06,0
1.516520431e-06,0.000510070859898106,1.516520431e-06,1.510400169648513e-06,1.516520431e-06,1.005037947388735,1.516520431e-06,0,1.516520431e-06,0
1.516570431e-06,0.0005100701945660775,1.516570431e-06,1.509251469232447e-06,1.516570431e-06,1.005034229427808,1.516570431e-06,0,1.516570431e-06,0
1.516645431e-06,0.0005100703011465406,1.516645431e-06,1.511650611629663e-06,1.516645431e-06,1.005036230176656,1.516645431e-06,0,1.516645431e-06,0
1.516720431e-06,0.000510084955809786,1.516720431e-06,1.566884853788106e-06,1.516720431e-06,1.005209938399342,1.516720431e-06,0,1.516720431e-06,0
1.516749653804e-06,0.0005100639999080775,1.516749653804e-06,1.487244074426023e-06,1.516749653804e-06,1.005118182684798,1.516749653804e-06,0,1.516749653804e-06,0
1.516764265206e-06,0.0005100315726245958,1.516764265206e-06,1.35355439387776e-06,1.516764265206e-06,1.004956416013044,1.516764265206e-06,0,1.516764265206e-06,0
1.5167934880101e-06,0.0005098673570130213,1.5167934880101e-06,7.470587555265699e-07,1.5167934880101e-06,1.00377070985973,1.5167934880101e-06,0,1.5167934880101e-06,0
1.5168487720836e-06,0.0005096842106626057,1.5168487720836e-06,1.986105430009248e-07,1.5168487720836e-06,1.00055331078338,1.5168487720836e-06,0,1.5168487720836e-06,0
1.5168973957943e-06,0.0005099453138461341,1.5168973957943e-06,1.13947178016388e-06,1.5168973957943e-06,1.000052993388702,1.5168973957943e-06,0,1.5168973957943e-06,0
1.5169164555774e-06,0.0005100792517218885,1.5169164555774e-06,1.539013715961839e-06,1.5169164555774e-06,1.000302991899058,1.5169164555774e-06,0,1.5169164555774e-06,0
1.5169545751437e-06,0.0005101428312010183,1.5169545751437e-06,1.644105436266935e-06,1.5169545751437e-06,1.000392596580003,1.5169545751437e-06,0,1.5169545751437e-06,0
1.5169699134694e-06,0.0005101245426865032,1.5169699134694e-06,1.589149206199837e-06,1.5169699134694e-06,1.000325006222417,1.5169699134694e-06,0,1.5169699134694e-06,0
1.5170005901209e-06,0.0005101459450159161,1.5170005901209e-06,1.724885618364745e-06,1.5170005901209e-06,1.000398266747202,1.5170005901209e-06,0,1.5170005901209e-06,0
1.5170159284466e-06,0.0005101642325224343,1.5170159284466e-06,1.801155523620866e-06,1.5170159284466e-06,1.000488428696026,1.5170159284466e-06,0,1.5170159284466e-06,0
1.517046605098e-06,0.0005101767619566849,1.517046605098e-06,1.846112369059807e-06,1.517046605098e-06,1.000649829458552,1.517046605098e-06,0,1.517046605098e-06,0
1.5171079584009e-06,0.0005101787669671381,1.5171079584009e-06,1.875703259122426e-06,1.5171079584009e-06,1.001026552017236,1.5171079584009e-06,0,1.5171079584009e-06,0
1.5172306650066e-06,0.0005101561867318229,1.5172306650066e-06,1.830718581419212e-06,1.5172306650066e-06,1.001840383272993,1.5172306650066e-06,0,1.5172306650066e-06,0
1.5172920183094e-06,0.0005101303572358965,1.5172920183094e-06,1.748721911277533e-06,1.5172920183094e-06,1.002216309730771,1.5172920183094e-06,0,1.5172920183094e-06,0
1.5174147249151e-06,0.0005100886753285429,1.5174147249151e-06,1.616024459731288e-06,1.5174147249151e-06,1.002811462203418,1.5174147249151e-06,0,1.5174147249151e-06,0
1.5176404745276e-06,0.0005100521552411346,1.5176404745276e-06,1.493940032673826e-06,1.5176404745276e-06,1.003536479230879,1.5176404745276e-06,0,1.5176404745276e-06,0
1.5176960135711e-06,0.0005100493886823096,1.5176960135711e-06,1.483900750661004e-06,1.5176960135711e-06,1.003662329514329,1.5176960135711e-06,0,1.5176960135711e-06,0
1.5178070916581e-06,0.0005100478702705457,1.5178070916581e-06,1.478043624245983e-06,1.5178070916581e-06,1.003868214087381,1.5178070916581e-06,0,1.5178070916581e-06,0
1.5179733541775e-06,0.000510049762593594,1.5179733541775e-06,1.484265853916513e-06,1.5179733541775e-06,1.004128510183726,1.5179733541775e-06,0,1.5179733541775e-06,0
1.5180331189767e-06,0.0005100519741426399,1.5180331189767e-06,1.492101049509055e-06,1.5180331189767e-06,1.004217019347726,1.5180331189767e-06,0,1.5180331189767e-06,0
1.518152648575e-06,0.0005100566860369381,1.518152648575e-06,1.509237699615118e-06,1.518152648575e-06,1.004427935778528,1.518152648575e-06,0,1.518152648575e-06,0
1.5183917077716e-06,0.0005100363014543236,1.5183917077716e-06,1.437595959303124e-06,1.5183917077716e-06,1.004341075403119,1.5183917077716e-06,0,1.5183917077716e-06,0
1.5184510284213e-06,0.0005100390672273301,1.5184510284213e-06,1.448707091019122e-06,1.5184510284213e-06,1.004260643315018,1.5184510284213e-06,0,1.5184510284213e-06,0
1.5185696697207e-06,0.0005100541201936586,1.5185696697207e-06,1.499979640243273e-06,1.5185696697207e-06,1.004199276467038,1.5185696697207e-06,0,1.5185696697207e-06,0
1.5188069523195e-06,0.0005100636690934609,1.5188069523195e-06,1.53764709165644e-06,1.5188069523195e-06,1.004287387139905,1.5188069523195e-06,0,1.5188069523195e-06,0
1.5191442080197e-06,0.0005100522162943042,1.5191442080197e-06,1.511023226590606e-06,1.5191442080197e-06,1.004458135875717,1.5191442080197e-06,0,1.5191442080197e-06,0
1.5194378042249e-06,0.0005100483001322171,1.5194378042249e-06,1.503624422303977e-06,1.5194378042249e-06,1.004522903636771,1.5194378042249e-06,0,1.5194378042249e-06,0
1.5195217707926e-06,0.0005100480834973134,1.5195217707926e-06,1.504052029888392e-06,1.5195217707926e-06,1.004531200278111,1.5195217707926e-06,0,1.5195217707926e-06,0
1.519689703928e-06,0.0005100477987911239,1.519689703928e-06,1.506503765124828e-06,1.519689703928e-06,1.004549097073493,1.519689703928e-06,0,1.519689703928e-06,0
1.5199999999999e-06,0.000510046657634898,1.5199999999999e-06,1.509962666221747e-06,1.5199999999999e-06,1.004578739973528,1.5199999999999e-06,0,1.5199999999999e-06,0
1.5206205921439e-06,0.0005100425751597339,1.5206205921439e-06,1.510555644242221e-06,1.5206205921439e-06,1.004615339582018,1.5206205921439e-06,0,1.5206205921439e-06,0
1.5209308882159e-06,0.0005100405153475216,1.5209308882159e-06,1.510825012428439e-06,1.5209308882159e-06,1.004632177801241,1.5209308882159e-06,0,1.5209308882159e-06,0
1.5215514803598e-06,0.0005100363484972705,1.5215514803598e-06,1.511225511289946e-06,1.5215514803598e-06,1.004659256323047,1.5215514803598e-06,0,1.5215514803598e-06,0
1.5227926646477e-06,0.0005100279765932211,1.5227926646477e-06,1.511747389595369e-06,1.5227926646477e-06,1.004696383934026,1.5227926646477e-06,0,1.5227926646477e-06,0
1.5252750332235e-06,0.0005100113630879454,1.5252750332235e-06,1.512577912738987e-06,1.5252750332235e-06,1.00474188890585,1.5252750332235e-06,0,1.5252750332235e-06,0
1.5302397703751e-06,0.0005099786834706049,1.5302397703751e-06,1.513891333931566e-06,1.5302397703751e-06,1.004780836021554,1.5302397703751e-06,0,1.5302397703751e-06,0
1.5401692446783e-06,0.000509915556561129,1.5401692446783e-06,1.516373735696944e-06,1.5401692446783e-06,1.004816834509034,1.5401692446783e-06,0,1.5401692446783e-06,0
1.5499999999999e-06,0.0005098559034322357,1.5499999999999e-06,1.518755833345571e-06,1.5499999999999e-06,1.004824888782145,1.5499999999999e-06,0,1.5499999999999e-06,0
1.5599999999999e-06,0.0005097992779353088,1.5599999999999e-06,1.521174289944577e-06,1.5599999999999e-06,1.004830563257441,1.5599999999999e-06,0,1.5599999999999e-06,0
1.5799999999999e-06,0.0005096957468474562,1.5799999999999e-06,1.525882848497457e-06,1.5799999999999e-06,1.004836313621955,1.5799999999999e-06,0,1.5799999999999e-06,0
1.6099999999999e-06,0.0005095506797360335,1.6099999999999e-06,1.532781714830283e-06,1.6099999999999e-06,1.004841580301294,1.6099999999999e-06,0,1.6099999999999e-06,0
1.6199999999999e-06,0.0005095077424004505,1.6199999999999e-06,1.534975582998374e-06,1.6199999999999e-06,1.004842090455067,1.6199999999999e-06,0,1.6199999999999e-06,0
1.6349999999999e-06,0.0005094475716683322,1.6349999999999e-06,1.538185231298569e-06,1.6349999999999e-06,1.004842628369613,1.6349999999999e-06,0,1.6349999999999e-06,0
1.6499999999999e-06,0.0005093894497222298,1.6499999999999e-06,1.541354001892863e-06,1.6499999999999e-06,1.004843070482345,1.6499999999999e-06,0,1.6499999999999e-06,0
1.6599999999999e-06,0.0005093537399582803,1.6599999999999e-06,1.543440317221062e-06,1.6599999999999e-06,1.004843248741459,1.6599999999999e-06,0,1.6599999999999e-06,0
1.6799999999999e-06,0.0005092884459082812,1.6799999999999e-06,1.547523717268067e-06,1.6799999999999e-06,1.00484347403984,1.6799999999999e-06,0,1.6799999999999e-06,0
1.7099999999999e-06,0.0005091969487308389,1.7099999999999e-06,1.553526918916303e-06,1.7099999999999e-06,1.004843709905862,1.7099999999999e-06,0,1.7099999999999e-06,0
1.7199999999999e-06,0.0005091698654927831,1.7199999999999e-06,1.555440587691103e-06,1.7199999999999e-06,1.004843744756222,1.7199999999999e-06,0,1.7199999999999e-06,0
1.7349999999999e-06,0.0005091319109838216,1.7349999999999e-06,1.558243248863543e-06,1.7349999999999e-06,1.00484378177413,1.7349999999999e-06,0,1.7349999999999e-06,0
1.7499999999999e-06,0.0005090952476203648,1.7499999999999e-06,1.561013555238364e-06,1.7499999999999e-06,1.004843812530737,1.7499999999999e-06,0,1.7499999999999e-06,0
1.7599999999999e-06,0.0005090727212594425,1.7599999999999e-06,1.562844026592631e-06,1.7599999999999e-06,1.004843825492039,1.7599999999999e-06,0,1.7599999999999e-06,0
1.7799999999999e-06,0.0005090315309533876,1.7799999999999e-06,1.566435774340266e-06,1.7799999999999e-06,1.004843842901792,1.7799999999999e-06,0,1.7799999999999e-06,0
1.8099999999999e-06,0.0005089738080427142,1.8099999999999e-06,1.571727590057197e-06,1.8099999999999e-06,1.00484386235175,1.8099999999999e-06,0,1.8099999999999e-06,0
1.8199999999999e-06,0.0005089567213607494,1.8199999999999e-06,1.57341564895168e-06,1.8199999999999e-06,1.004843865967517,1.8199999999999e-06,0,1.8199999999999e-06,0
1.8349999999999e-06,0.000508932775348635,1.8349999999999e-06,1.575888792907065e-06,1.8349999999999e-06,1.004843870380024,1.8349999999999e-06,0,1.8349999999999e-06,0
1.8499999999999e-06,0.0005089096431996844,1.8499999999999e-06,1.578335140557229e-06,1.8499999999999e-06,1.004843874377962,1.8499999999999e-06,0,1.8499999999999e-06,0
1.8599999999999e-06,0.0005088954302786881,1.8599999999999e-06,1.579956183001451e-06,1.8599999999999e-06,1.004843876542832,1.8599999999999e-06,0,1.8599999999999e-06,0
1.8799999999999e-06,0.0005088694411706107,1.8799999999999e-06,1.583142801849207e-06,1.8799999999999e-06,1.004843880308987,1.8799999999999e-06,0,1.8799999999999e-06,0
1.91e-06,0.0005088330192327449,1.91e-06,1.587844045560501e-06,1.91e-06,1.00484388551754,1.91e-06,0,1.91e-06,0
1.92e-06,0.0005088222375753605,1.92e-06,1.589342908255957e-06,1.92e-06,1.004843887063311,1.92e-06,0,1.92e-06,0
1.935e-06,0.0005088071278096327,1.935e-06,1.591538535580058e-06,1.935e-06,1.004843889315693,1.935e-06,0,1.935e-06,0
1.95e-06,0.0005087925315188871,1.95e-06,1.593711142138119e-06,1.95e-06,1.004843891540186,1.95e-06,0,1.95e-06,0
1.96e-06,0.0005087835631412729,1.96e-06,1.595154263829637e-06,1.96e-06,1.004843892991136,1.96e-06,0,1.96e-06,0
1.9799999999999e-06,0.0005087671635474417,1.9799999999999e-06,1.597994962317616e-06,1.9799999999999e-06,1.004843895855246,1.9799999999999e-06,0,1.9799999999999e-06,0
2e-06,0.0005087514984938616,2e-06,1.600806566405352e-06,2e-06,1.004843898705797,2e-06,0,2e-06,0
2.0012499999999e-06,0.0005087505707816839,2.0012499999999e-06,1.600980222916273e-06,2.0012499999999e-06,1.004843898882131,2.0012499999999e-06,0,2.0012499999999e-06,0
2.0021289294531e-06,0.0005087499198090307,2.0021289294531e-06,1.60110239026544e-06,2.0021289294531e-06,1.004843899006942,2.0021289294531e-06,0,2.0021289294531e-06,0
2.0038867883594e-06,0.0005087486257958396,2.0038867883594e-06,1.601346228773057e-06,2.0038867883594e-06,1.004843899255815,2.0038867883594e-06,0,2.0038867883594e-06,0
2.00463601e-06,0.0005087480775218967,2.00463601e-06,1.601450007459538e-06,2.00463601e-06,1.004843899361803,2.00463601e-06,0,2.00463601e-06,0
2.00468601e-06,0.0005087478062189848,2.00468601e-06,1.600896857151184e-06,2.00468601e-06,1.004843895763477,2.00468601e-06,0,2.00468601e-06,0
2.00476101e-06,0.0005087480661935763,2.00476101e-06,1.601618561696117e-06,2.00476101e-06,1.004843899893301,2.00476101e-06,0,2.00476101e-06,0
2.00483601e-06,0.000508752617769218,2.00483601e-06,1.620083073348715e-06,2.00483601e-06,1.00484395354036,2.00483601e-06,0,2.00483601e-06,0
2.0049461644302e-06,0.0005087495853321919,2.0049461644302e-06,1.607153180655266e-06,2.0049461644302e-06,1.004843813966858,2.0049461644302e-06,0,2.0049461644302e-06,0
2.005063505849e-06,0.0005087447080081662,2.005063505849e-06,1.589156761879625e-06,2.005063505849e-06,1.004843656708742,2.005063505849e-06,0,2.005063505849e-06,0
2.0051687327717e-06,0.0005087450948333697,2.0051687327717e-06,1.593028887491879e-06,2.0051687327717e-06,1.004843675465074,2.0051687327717e-06,0,2.0051687327717e-06,0
2.0052213462331e-06,0.0005087462203407073,2.0052213462331e-06,1.597310505729812e-06,2.0052213462331e-06,1.004843733650806,2.0052213462331e-06,0,2.0052213462331e-06,0
2.0053265731558e-06,0.0005087472543868385,2.0053265731558e-06,1.600472229930372e-06,2.0053265731558e-06,1.004843822349131,2.0053265731558e-06,0,2.0053265731558e-06,0
2.0055370270013e-06,0.0005087476085089889,2.0055370270013e-06,1.602134188549443e-06,2.0055370270013e-06,1.00484442519251,2.0055370270013e-06,0,2.0055370270013e-06,0
2.0058699559167e-06,0.0005087479310719491,2.0058699559167e-06,1.604473118034365e-06,2.0058699559167e-06,1.004855669668999,2.0058699559167e-06,0,2.0058699559167e-06,0
2.0059923472224e-06,0.0005087478277620185,2.0059923472224e-06,1.604485245684376e-06,2.0059923472224e-06,1.004863285508854,2.0059923472224e-06,0,2.0059923472224e-06,0
2.0060535428753e-06,0.0005087476906210517,2.0060535428753e-06,1.604197323808355e-06,2.0060535428753e-06,1.004867798629203,2.0060535428753e-06,0,2.0060535428753e-06,0
2.006175934181e-06,0.0005087475883205085,2.006175934181e-06,1.604363840429782e-06,2.006175934181e-06,1.004878734248565,2.006175934181e-06,0,2.006175934181e-06,0
2.0062129842202e-06,0.0005087475721395654,2.0062129842202e-06,1.604415254245475e-06,2.0062129842202e-06,1.004882622364289,2.0062129842202e-06,0,2.0062129842202e-06,0
2.0062870842987e-06,0.0005087462207773592,2.0062870842987e-06,1.599032836874746e-06,2.0062870842987e-06,1.004887566404456,2.0062870842987e-06,0,2.0062870842987e-06,0
2.0063163604883e-06,0.0005087438122289613,2.0063163604883e-06,1.589080443101376e-06,2.0063163604883e-06,1.004884523943108,2.0063163604883e-06,0,2.0063163604883e-06,0
2.0063749128675e-06,0.0005087275077484094,2.0063749128675e-06,1.522339219306454e-06,2.0063749128675e-06,1.004842796387506,2.0063749128675e-06,0,2.0063749128675e-06,0
2.00646751451e-06,0.0005086321981009078,2.00646751451e-06,1.152165465002314e-06,2.00646751451e-06,1.004318228572544,2.00646751451e-06,0,2.00646751451e-06,0
2.0065930517424e-06,0.0005084810718414333,2.0065930517424e-06,5.971550504068754e-07,2.0065930517424e-06,1.002340001342712,2.0065930517424e-06,0,2.0065930517424e-06,0
2.0066204901743e-06,0.0005085618898749075,2.0066204901743e-06,9.750737875642545e-07,2.0066204901743e-06,1.001853941282719,2.0066204901743e-06,0,2.0066204901743e-06,0
2.0066753670381e-06,0.0005095590898533508,2.0066753670381e-06,5.16053789950829e-06,2.0066753670381e-06,1.002841338685885,2.0066753670381e-06,0,2.0066753670381e-06,0
2.0067003060437e-06,0.0005103936656020305,2.0067003060437e-06,8.334353840734884e-06,2.0067003060437e-06,1.005112177533602,2.0067003060437e-06,0,2.0067003060437e-06,0
2.0067501840549e-06,0.0005103170392264556,2.0067501840549e-06,6.485141251070747e-06,2.0067501840549e-06,1.010227630965691,2.0067501840549e-06,0,2.0067501840549e-06,0
2.0068298590498e-06,0.00048594184415768,2.0068298590498e-06,-9.41431369826564e-05,2.0068298590498e-06,0.9563412017311754,2.0068298590498e-06,0,2.0068298590498e-06,0
2.0069098485155e-06,0.0004342354480915039,2.0069098485155e-06,-0.0002947207999476176,2.0069098485155e-06,0.7342534512934975,2.0069098485155e-06,0,2.0069098485155e-06,0
2.0069251900957e-06,0.0004316977793526747,2.0069251900957e-06,-0.0002882361494394354,2.0069251900957e-06,0.651051680721848,2.0069251900957e-06,0,2.0069251900957e-06,0
2.0069558732561e-06,0.0004397912334269209,2.0069558732561e-06,-0.0002330833701208026,2.0069558732561e-06,0.4608711608599836,2.0069558732561e-06,0,2.0069558732561e-06,0
2.0070162587501e-06,0.0004674115108085669,2.0070162587501e-06,-0.0001478692276568928,2.0070162587501e-06,0.2026526621120386,2.0070162587501e-06,0,2.0070162587501e-06,0
2.007034166368e-06,0.0004784804881171743,2.007034166368e-06,-0.000117638244707734,2.007034166368e-06,0.1571203935198338,2.007034166368e-06,0,2.007034166368e-06,0
2.0070699816039e-06,0.0004994319445227522,2.0070699816039e-06,-4.903215537217911e-05,2.0070699816039e-06,0.09719958157009026,2.0070699816039e-06,0,2.0070699816039e-06,0
2.0071416120756e-06,0.0005284119323965164,2.0071416120756e-06,5.356304855603517e-05,2.0071416120756e-06,0.0435906248592156,2.0071416120756e-06,0,2.0071416120756e-06,0
2.0072273150563e-06,0.0005410271945955789,2.0072273150563e-06,0.0001004395197408463,2.0072273150563e-06,0.01969956937191258,2.0072273150563e-06,0,2.0072273150563e-06,0
2.0072475364134e-06,0.0005408824274087499,2.0072475364134e-06,0.0001009568297417085,2.0072475364134e-06,0.01921944826166451,2.0072475364134e-06,0,2.0072475364134e-06,0
2.0072879791275e-06,0.0005391837828330258,2.0072879791275e-06,9.752377680671076e-05,2.0072879791275e-06,0.01822027401083608,2.0072879791275e-06,0,2.0072879791275e-06,0
2.0073688645558e-06,0.0005332603866715794,2.0073688645558e-06,8.122912971638927e-05,2.0073688645558e-06,0.0163886133339712,2.0073688645558e-06,0,2.0073688645558e-06,0
2.0074756450478e-06,0.0005255824697177227,2.0074756450478e-06,5.813779958147861e-05,2.0074756450478e-06,0.01470229785780179,2.0074756450478e-06,0,2.0074756450478e-06,0
2.0076623326266e-06,0.0005158844780079302,2.0076623326266e-06,2.763493091853064e-05,2.0076623326266e-06,0.01311844569013282,2.0076623326266e-06,0,2.0076623326266e-06,0
2.0080357077843e-06,0.0005081986641287138,2.0080357077843e-06,3.772834923893132e-06,2.0080357077843e-06,0.01154726876756677,2.0080357077843e-06,0,2.0080357077843e-06,0
2.0087824580995e-06,0.0005088361947927941,2.0087824580995e-06,5.340402253679344e-06,2.0087824580995e-06,0.01062716975204399,2.0087824580995e-06,0,2.0087824580995e-06,0
2.01e-06,0.0005095695554996963,2.01e-06,7.344777826746547e-06,2.01e-06,0.009896730080240548,2.01e-06,0,2.01e-06,0
2.0103596641694e-06,0.0005096514074271652,2.0103596641694e-06,7.928600908629933e-06,2.0103596641694e-06,0.009844149612381016,2.0103596641694e-06,0,2.0103596641694e-06,0
2.0105394962542e-06,0.0005092285558267282,2.0105394962542e-06,6.306536801060507e-06,2.0105394962542e-06,0.009815230954089723,2.0105394962542e-06,0,2.0105394962542e-06,0
2.0108991604236e-06,0.0005035266321595728,2.0108991604236e-06,-1.717648904860826e-05,2.0108991604236e-06,0.009727087514647551,2.0108991604236e-06,0,2.0108991604236e-06,0
2.0116184887626e-06,0.000358671783970818,2.0116184887626e-06,-0.0007075421557621119,2.0116184887626e-06,0.008552215583727792,2.0116184887626e-06,0,2.0116184887626e-06,0
2.0118744781568e-06,0.0002622173926852845,2.0118744781568e-06,-0.001336085441676896,2.0118744781568e-06,0.007502570388934223,2.0118744781568e-06,0,2.0118744781568e-06,0
2.0123864569451e-06,0.0004384391108104395,2.0123864569451e-06,0.0002442073278088909,2.0123864569451e-06,0.01207478250769337,2.0123864569451e-06,0,2.0123864569451e-06,0
2.0129541434786e-06,0.0006450186404609741,2.0129541434786e-06,0.00100949682365994,2.0129541434786e-06,0.02729579231359627,2.0129541434786e-06,0,2.0129541434786e-06,0
2.0136103981075e-06,0.0004041914947995992,2.0136103981075e-06,-0.0008149680598264298,2.0136103981075e-06,0.02597337182905853,2.0136103981075e-06,0,2.0136103981075e-06,0
2.0137352730769e-06,0.0004600263948646755,2.0137352730769e-06,-0.0003135553430893867,2.0137352730769e-06,0.02575130998887486,2.0137352730769e-06,0,2.0137352730769e-06,0
2.0139850230157e-06,0.0005269566820620962,2.0139850230157e-06,0.0001599654710406239,2.0139850230157e-06,0.02598365329544185,2.0139850230157e-06,0,2.0139850230157e-06,0
2.0144845228933e-06,0.0005230277606233718,2.0144845228933e-06,7.994334192104805e-05,2.0144845228933e-06,0.0260957722926906,2.0144845228933e-06,0,2.0144845228933e-06,0
2.0147004654995e-06,0.0005063209536139662,2.0147004654995e-06,-3.547362186663133e-05,2.0147004654995e-06,0.02601554035405981,2.0147004654995e-06,0,2.0147004654995e-06,0
2.015132350712e-06,0.0005079327897703792,2.015132350712e-06,-1.896648731383532e-05,2.015132350712e-06,0.02597441529233773,2.015132350712e-06,0,2.015132350712e-06,0
2.015996121137e-06,0.0005155785321239957,2.015996121137e-06,1.879021621331843e-05,2.015996121137e-06,0.02597723379100906,2.015996121137e-06,0,2.015996121137e-06,0
2.0177236619868e-06,0.0005156565278985995,2.0177236619868e-06,3.308084364538808e-06,2.0177236619868e-06,0.02591509043831728,2.0177236619868e-06,0,2.0177236619868e-06,0
2.0182927464901e-06,0.0005153792305779949,2.0182927464901e-06,-9.630988004982422e-08,2.0182927464901e-06,0.02588007483238824,2.0182927464901e-06,0,2.0182927464901e-06,0
2.019146373245e-06,0.0005182552558787665,2.019146373245e-06,1.382186577282972e-06,2.019146373245e-06,0.02619422077366155,2.019146373245e-06,0,2.019146373245e-06,0
2.0199999999999e-06,0.000644174067007094,2.0199999999999e-06,1.80543636900859e-06,2.0199999999999e-06,0.02733521324554824,2.0199999999999e-06,0,2.0199999999999e-06,0
2.0202637220251e-06,0.0008134099967484202,2.0202637220251e-06,1.569439396955469e-06,2.0202637220251e-06,0.01482253913209377,2.0202637220251e-06,0,2.0202637220251e-06,0
2.0207911660755e-06,0.0005491440415954744,2.0207911660755e-06,2.111676062173758e-06,2.0207911660755e-06,0.01364572703209637,2.0207911660755e-06,0,2.0207911660755e-06,0
2.0211318419575e-06,0.001165163285999604,2.0211318419575e-06,1.912293770041233e-06,2.0211318419575e-06,0.020667484007291,2.0211318419575e-06,0,2.0211318419575e-06,0
2.0212336217105e-06,0.001239054832270057,2.0212336217105e-06,1.404802615969712e-06,2.0212336217105e-06,0.02125760514315082,2.0212336217105e-06,0,2.0212336217105e-06,0
2.0214371812164e-06,0.001180701968200103,2.0214371812164e-06,1.620966170829387e-06,2.0214371812164e-06,0.02195614255566801,2.0214371812164e-06,0,2.0214371812164e-06,0
2.0218443002282e-06,0.001102807112270855,2.0218443002282e-06,1.930325762331794e-06,2.0218443002282e-06,0.02383935657169367,2.0218443002282e-06,0,2.0218443002282e-06,0
2.0225759630743e-06,0.00113146732568352,2.0225759630743e-06,1.754196933020065e-06,2.0225759630743e-06,0.0272888987048835,2.0225759630743e-06,0,2.0225759630743e-06,0
2.0237701383522e-06,0.001161697813341654,2.0237701383522e-06,1.681637423331272e-06,2.0237701383522e-06,0.03266537708952889,2.0237701383522e-06,0,2.0237701383522e-06,0
2.0242969257796e-06,0.001148251708070947,2.0242969257796e-06,1.698272720813813e-06,2.0242969257796e-06,0.03486045356580084,2.0242969257796e-06,0,2.0242969257796e-06,0
2.0253505006343e-06,0.001132193078347998,2.0253505006343e-06,1.691967035861833e-06,2.0253505006343e-06,0.03919724349731489,2.0253505006343e-06,0,2.0253505006343e-06,0
2.0274576503438e-06,0.001131700742140885,2.0274576503438e-06,1.669377889984912e-06,2.0274576503438e-06,0.04776080516709588,2.0274576503438e-06,0,2.0274576503438e-06,0
2.0316719497628e-06,0.001136372265918428,2.0316719497628e-06,1.636851825121643e-06,2.0316719497628e-06,0.06456767199709257,2.0316719497628e-06,0,2.0316719497628e-06,0
2.0401005486008e-06,0.001133388800541548,2.0401005486008e-06,1.595524102191757e-06,2.0401005486008e-06,0.09785021622765189,2.0401005486008e-06,0,2.0401005486008e-06,0
2.05e-06,0.001134365150417634,2.05e-06,1.573253592335229e-06,2.05e-06,0.1366732539532201,2.05e-06,0,2.05e-06,0
2.0599999999999e-06,0.001138725122581814,2.0599999999999e-06,1.566800672254022e-06,2.0599999999999e-06,0.175601245677067,2.0599999999999e-06,0,2.0599999999999e-06,0
2.0799999999999e-06,0.001146695531118223,2.0799999999999e-06,1.562064252918412e-06,2.0799999999999e-06,0.2525538420745516,2.0799999999999e-06,0,2.0799999999999e-06,0
2.1099999999999e-06,0.001158484499021951,2.1099999999999e-06,1.560672355213108e-06,2.1099999999999e-06,0.3668923586611709,2.1099999999999e-06,0,2.1099999999999e-06,0
2.1199999999999e-06,0.001162137065375399,2.1199999999999e-06,1.562191178882525e-06,2.1199999999999e-06,0.4043884947950682,2.1199999999999e-06,0,2.1199999999999e-06,0
2.135e-06,0.001167070928353599,2.135e-06,1.563984682083389e-06,2.135e-06,0.4600267407428975,2.135e-06,0,2.135e-06,0
2.1499999999999e-06,0.001171406901974285,2.1499999999999e-06,1.565715909294209e-06,2.1499999999999e-06,0.5153257405339302,2.1499999999999e-06,0,2.1499999999999e-06,0
2.1599999999999e-06,0.001173645166744542,2.1599999999999e-06,1.566857228975322e-06,2.1599999999999e-06,0.5516416981101818,2.1599999999999e-06,0,2.1599999999999e-06,0
2.1799999999999e-06,0.001175309470619255,2.1799999999999e-06,1.569085236108121e-06,2.1799999999999e-06,0.6226338647572337,2.1799999999999e-06,0,2.1799999999999e-06,0
2.2099999999999e-06,0.001156418787001938,2.2099999999999e-06,1.572341231335377e-06,2.2099999999999e-06,0.7249349467122271,2.2099999999999e-06,0,2.2099999999999e-06,0
2.2199999999999e-06,0.001139197987576847,2.2199999999999e-06,1.573364390143984e-06,2.2199999999999e-06,0.7560459398034605,2.2199999999999e-06,0,2.2199999999999e-06,0
2.2349999999999e-06,0.001103977781261861,2.2349999999999e-06,1.574862957191487e-06,2.2349999999999e-06,0.7982331844690025,2.2349999999999e-06,0,2.2349999999999e-06,0
2.25e-06,0.001057322521905012,2.25e-06,1.576328024039414e-06,2.25e-06,0.837521189799199,2.25e-06,0,2.25e-06,0
2.26e-06,0.001026065087047846,2.26e-06,1.57734776470874e-06,2.26e-06,0.8594893252815038,2.26e-06,0,2.26e-06,0
2.2799999999999e-06,0.0009693093171483764,2.2799999999999e-06,1.579351206763645e-06,2.2799999999999e-06,0.894615144374482,2.2799999999999e-06,0,2.2799999999999e-06,0
2.31e-06,0.0008870752102328566,2.31e-06,1.582312703212009e-06,2.31e-06,0.9375586219432572,2.31e-06,0,2.31e-06,0
2.32e-06,0.0008683233931019532,2.32e-06,1.583261630186821e-06,2.32e-06,0.9471220184139326,2.32e-06,0,2.32e-06,0
2.3349999999999e-06,0.0008470773949949868,2.3349999999999e-06,1.584641804152914e-06,2.3349999999999e-06,0.9585689795464757,2.3349999999999e-06,0,2.3349999999999e-06,0
2.35e-06,0.0008285346084882449,2.35e-06,1.58600641817672e-06,2.35e-06,0.9686757775735674,2.35e-06,0,2.35e-06,0
2.36e-06,0.000820938923859961,2.36e-06,1.586927131851597e-06,2.36e-06,0.9736424637866964,2.36e-06,0,2.36e-06,0
2.3799999999999e-06,0.0008129657751650365,2.3799999999999e-06,1.588737065716841e-06,2.3799999999999e-06,0.9809195570518615,2.3799999999999e-06,0,2.3799999999999e-06,0
2.4099999999999e-06,0.0008075942815830727,2.4099999999999e-06,1.591407485971362e-06,2.4099999999999e-06,0.9894376799426496,2.4099999999999e-06,0,2.4099999999999e-06,0
2.4199999999999e-06,0.0008090261367867231,2.4199999999999e-06,1.592242629878508e-06,2.4199999999999e-06,0.9911515242944451,2.4199999999999e-06,0,2.4199999999999e-06,0
2.4349999999999e-06,0.0008128779894076643,2.4349999999999e-06,1.593462521422897e-06,2.4349999999999e-06,0.9931501597876621,2.4349999999999e-06,0,2.4349999999999e-06,0
2.45e-06,0.0008174977316302702,2.45e-06,1.594669410011433e-06,2.45e-06,0.9948967613293077,2.45e-06,0,2.45e-06,0
2.4599999999999e-06,0.0008214942443288818,2.4599999999999e-06,1.595485551000034e-06,2.4599999999999e-06,0.9957322733855168,2.4599999999999e-06,0,2.4599999999999e-06,0
2.4799999999999e-06,0.0008306750575494892,2.4799999999999e-06,1.597095084208845e-06,2.4799999999999e-06,0.9969370500739699,2.4799999999999e-06,0,2.4799999999999e-06,0
2.5099999999999e-06,0.0008455938372253775,2.5099999999999e-06,1.599472323137939e-06,2.5099999999999e-06,0.998336401398081,2.5099999999999e-06,0,2.5099999999999e-06,0
2.51125e-06,0.000846258098038821,2.51125e-06,1.59956904366287e-06,2.51125e-06,0.998376700418535,2.51125e-06,0,2.51125e-06,0
2.512110211343e-06,0.0008467168195123621,2.512110211343e-06,1.5996358893211e-06,2.512110211343e-06,0.9984042143386394,2.512110211343e-06,0,2.512110211343e-06,0
2.5138306340291e-06,0.0008476375523774532,2.5138306340291e-06,1.599768411901633e-06,2.5138306340291e-06,0.9984578936821121,2.5138306340291e-06,0,2.5138306340291e-06,0
2.5155510567152e-06,0.000848561929774024,2.5155510567152e-06,1.599900020539329e-06,2.5155510567152e-06,0.9985098017208937,2.5155510567152e-06,0,2.5155510567152e-06,0
2.516602652137e-06,0.000849128673483799,2.516602652137e-06,1.599979910171252e-06,2.516602652137e-06,0.9985406856269422,2.516602652137e-06,0,2.516602652137e-06,0
2.5178904621214e-06,0.0008498244964810256,2.5178904621214e-06,1.600077153001253e-06,2.5178904621214e-06,0.998577650942718,2.5178904621214e-06,0,2.5178904621214e-06,0
2.5189452310607e-06,0.0008503957809522945,2.5189452310607e-06,1.600156290282677e-06,2.5189452310607e-06,0.9986072457077733,2.5189452310607e-06,0,2.5189452310607e-06,0
2.5199999999999e-06,0.000850968270904397,2.5199999999999e-06,1.600234960413789e-06,2.5199999999999e-06,0.9986362356598504,2.5199999999999e-06,0,2.5199999999999e-06,0
2.5221095378785e-06,0.0008521178755616229,2.5221095378785e-06,1.600390860644923e-06,2.5221095378785e-06,0.9986913521035811,2.5221095378785e-06,0,2.5221095378785e-06,0
2.5234561155248e-06,0.0008528531274431874,2.5234561155248e-06,1.600490099288687e-06,2.5234561155248e-06,0.9987260790047983,2.5234561155248e-06,0,2.5234561155248e-06,0
2.5261492708173e-06,0.0008543285626303804,2.5261492708173e-06,1.60068727056012e-06,2.5261492708173e-06,0.9987928804878129,2.5261492708173e-06,0,2.5261492708173e-06,0
2.5315355814023e-06,0.0008572972621280834,2.5315355814023e-06,1.601077957873504e-06,2.5315355814023e-06,0.9989164538686214,2.5315355814023e-06,0,2.5315355814023e-06,0
2.5423082025723e-06,0.0008632883034689356,2.5423082025723e-06,1.601849599421642e-06,2.5423082025723e-06,0.9991289871535269,2.5423082025723e-06,0,2.5423082025723e-06,0
2.5499999999999e-06,0.0008676018911774281,2.5499999999999e-06,1.60239386649434e-06,2.5499999999999e-06,0.9992548071942873,2.5499999999999e-06,0,2.5499999999999e-06,0
2.5599999999999e-06,0.0008732185292429801,2.5599999999999e-06,1.603120317313922e-06,2.5599999999999e-06,0.999381329124887,2.5599999999999e-06,0,2.5599999999999e-06,0
2.5799999999999e-06,0.0008843847475162546,2.5799999999999e-06,1.604555787117324e-06,2.5799999999999e-06,0.9995631283090962,2.5799999999999e-06,0,2.5799999999999e-06,0
2.6099999999999e-06,0.0009011436279290913,2.6099999999999e-06,1.606677144818845e-06,2.6099999999999e-06,0.9997739010752544,2.6099999999999e-06,0,2.6099999999999e-06,0
2.6199999999999e-06,0.0009066423207620652,2.6199999999999e-06,1.607335466246127e-06,2.6199999999999e-06,0.9998153142669299,2.6199999999999e-06,0,2.6199999999999e-06,0
2.6349999999999e-06,0.0009147810412838219,2.6349999999999e-06,1.608295827427052e-06,2.6349999999999e-06,0.999863241623825,2.6349999999999e-06,0,2.6349999999999e-06,0
2.6499999999999e-06,0.0009229007180363266,2.6499999999999e-06,1.609245982774408e-06,2.6499999999999e-06,0.9999050104837883,2.6499999999999e-06,0,2.6499999999999e-06,0
2.6599999999999e-06,0.0009282144883994722,2.6599999999999e-06,1.609895197317498e-06,2.6599999999999e-06,0.9999247911885902,2.6599999999999e-06,0,2.6599999999999e-06,0
2.6799999999999e-06,0.0009386057542924997,2.6799999999999e-06,1.611179880156464e-06,2.6799999999999e-06,0.9999530493338813,2.6799999999999e-06,0,2.6799999999999e-06,0
2.7099999999999e-06,0.000954026520404571,2.7099999999999e-06,1.613078665340287e-06,2.7099999999999e-06,0.9999856822842915,2.7099999999999e-06,0,2.7099999999999e-06,0
2.7199999999999e-06,0.0009590166855725401,2.7199999999999e-06,1.613664854455908e-06,2.7199999999999e-06,0.9999919832378059,2.7199999999999e-06,0,2.7199999999999e-06,0
2.7349999999999e-06,0.0009663681312125358,2.7349999999999e-06,1.614518832325636e-06,2.7349999999999e-06,0.9999991886550557,2.7349999999999e-06,0,2.7349999999999e-06,0
2.75e-06,0.0009736811217691562,2.75e-06,1.615363538161427e-06,2.75e-06,1.000005439559061,2.75e-06,0,2.75e-06,0
2.76e-06,0.0009784479961928827,2.76e-06,1.615943973650912e-06,2.76e-06,1.000008325030175,2.76e-06,0,2.76e-06,0
2.7799999999999e-06,0.00098774253551636,2.7799999999999e-06,1.617094563544449e-06,2.7799999999999e-06,1.000012307554673,2.7799999999999e-06,0,2.7799999999999e-06,0
2.8099999999999e-06,0.001001496051520019,2.8099999999999e-06,1.618795700152155e-06,2.8099999999999e-06,1.000016785719992,2.8099999999999e-06,0,2.8099999999999e-06,0
2.8199999999999e-06,0.001005934947904688,2.8199999999999e-06,1.619317990286163e-06,2.8199999999999e-06,1.000017551201082,2.8199999999999e-06,0,2.8199999999999e-06,0
2.835e-06,0.001012467728291313,2.835e-06,1.620077800538407e-06,2.835e-06,1.000018346517352,2.835e-06,0,2.835e-06,0
2.85e-06,0.001018959340990531,2.85e-06,1.620829215192103e-06,2.85e-06,1.000019005890887,2.85e-06,0,2.85e-06,0
2.8599999999999e-06,0.001023187458148338,2.8599999999999e-06,1.621348851784085e-06,2.8599999999999e-06,1.000019240397694,2.8599999999999e-06,0,2.8599999999999e-06,0
2.8799999999999e-06,0.001031425936009586,2.8799999999999e-06,1.622381071732742e-06,2.8799999999999e-06,1.000019429084077,2.8799999999999e-06,0,2.8799999999999e-06,0
2.9099999999999e-06,0.001043600757056283,2.9099999999999e-06,1.623907910433578e-06,2.9099999999999e-06,1.000019513931506,2.9099999999999e-06,0,2.9099999999999e-06,0
2.9199999999999e-06,0.001047527334522837,2.9199999999999e-06,1.624373961119604e-06,2.9199999999999e-06,1.000019426264645,2.9199999999999e-06,0,2.9199999999999e-06,0
2.935e-06,0.001053304105637933,2.935e-06,1.625050933450076e-06,2.935e-06,1.000019241866298,2.935e-06,0,2.935e-06,0
2.9499999999999e-06,0.001059040639468717,2.9499999999999e-06,1.625720314641596e-06,2.9499999999999e-06,1.000019047906234,2.9499999999999e-06,0,2.9499999999999e-06,0
2.9599999999999e-06,0.001062776030774204,2.9599999999999e-06,1.626186515229144e-06,2.9599999999999e-06,1.000018885204438,2.9599999999999e-06,0,2.9599999999999e-06,0
2.9799999999999e-06,0.001070052405770126,2.9799999999999e-06,1.627114809183603e-06,2.9799999999999e-06,1.000018519168867,2.9799999999999e-06,0,2.9799999999999e-06,0
3e-06,0.001077259142536829,3e-06,1.628035903425378e-06,3e-06,1.000018158019522,3e-06,0,3e-06,0
3.00125e-06,0.001077703064759752,3.00125e-06,1.628092865322552e-06,3.00125e-06,1.000018134300794,3.00125e-06,0,3.00125e-06,0
3.0021289294531e-06,0.001078015081740858,3.0021289294531e-06,1.628132950433061e-06,3.0021289294531e-06,1.000018117639463,3.0021289294531e-06,0,3.0021289294531e-06,0
3.0038867883594e-06,0.001078638062211009,3.0038867883594e-06,1.628212895379017e-06,3.0038867883594e-06,1.000018084191032,3.0038867883594e-06,0,3.0038867883594e-06,0
3.004281828e-06,0.001078777868897294,3.004281828e-06,1.628230832832232e-06,3.004281828e-06,1.000018076649483,3.004281828e-06,0,3.004281828e-06,0
3.004331828e-06,0.001078799180479928,3.004331828e-06,1.628360971838439e-06,3.004331828e-06,1.000018088927898,3.004331828e-06,0,3.004331828e-06,0
3.004406828e-06,0.001078834782106015,3.004406828e-06,1.627731350351371e-06,3.004406828e-06,1.000018117117715,3.004406828e-06,0,3.004406828e-06,0
3.004425578e-06,0.001078845526240216,3.004425578e-06,1.626545959743901e-06,3.004425578e-06,1.000018130438484,3.004425578e-06,0,3.004425578e-06,0
3.004453703e-06,0.001078862094655319,3.004453703e-06,1.624063248895581e-06,3.004453703e-06,1.00001814890547,3.004453703e-06,0,3.004453703e-06,0
3.004481828e-06,0.001078876178115196,3.004481828e-06,1.623708208552685e-06,3.004481828e-06,1.000018154765485,3.004481828e-06,0,3.004481828e-06,0
3.0044958905e-06,0.001078876965255626,3.0044958905e-06,1.630204032014374e-06,3.0044958905e-06,1.000018130190531,3.0044958905e-06,0,3.0044958905e-06,0
3.0045240155e-06,0.001078877602148457,3.0045240155e-06,1.643527123095182e-06,3.0045240155e-06,1.000018092751466,3.0045240155e-06,0,3.0045240155e-06,0
3.0045349033086e-06,0.001078877115198178,3.0045349033086e-06,1.646200791083673e-06,3.0045349033086e-06,1.000018078471921,3.0045349033086e-06,0,3.0045349033086e-06,0
3.0045566789259e-06,0.00107887658505723,3.0045566789259e-06,1.647835315446627e-06,3.0045566789259e-06,1.000018055762202,3.0045566789259e-06,0,3.0045566789259e-06,0
